timestamp,item_id,type,bloom_level,cluster,predicted_confidence,outcome,interval_before,interval_after,ease,reps,time_taken_s
2026-06-28T17:08:41,u1-attending-cloze-01,cloze,remember,microskill-types,100,correct,1,1,2.6,1,12.0
2026-06-28T17:09:52,u2-existential-apply-01,vignette,apply,theory-families,10,missed,0,1,2.18,0,53.1
2026-06-28T17:10:38,u2-cbt-vs-postmodern-compare-01,compare,analyze,theory-families,90,correct,0,1,2.6,1,38.6
2026-06-28T17:11:20,u2-personcentered-stuckbetter-01,explain,understand,theory-families,65,shaky,0,1,2.36,0,25.5
2026-06-28T17:12:16,u1-stance-evaluate-01,explain,evaluate,microskill-types,70,shaky,1,1,2.36,0,40.8
2026-06-28T17:14:05,u2-existential-vs-personcentered-apply-01,compare,apply,theory-families,70,correct,0,1,2.6,1,92.2
2026-06-28T17:16:56,ax-pfa-objectives-recall-01,recall,remember,pfa-frameworks,0,missed,0,1,2.18,0,157.7
2026-06-28T17:17:28,ax-pfa-coreactions-analyze-01,vignette,analyze,pfa-frameworks,10,missed,0,1,2.18,0,24.1
2026-06-28T17:21:34,ax-pfa-refer-analyze-01,vignette,analyze,bereavement-support,10,missed,0,1,2.18,0,224.9
2026-06-28T17:22:47,u2-postmodern-evaluate-01,explain,evaluate,theory-families,60,missed,0,1,2.18,0,52.0
2026-06-28T17:23:26,ax-pfa-name-understand-01,explain,understand,bereavement-support,50,correct,0,1,2.6,1,29.0
2026-06-28T17:23:58,ax-pfa-grief-compare-01,compare,analyze,grief-models,5,missed,0,1,2.18,0,14.9
2026-06-28T17:24:31,ax-pfa-ring-apply-01,vignette,apply,bereavement-support,65,shaky,0,1,2.36,0,22.1
2026-06-28T17:25:42,u2-postmodern-apply-01,vignette,apply,theory-families,45,missed,0,1,2.18,0,55.3
2026-06-28T17:26:01,u2-differential-mcq-02,mcq,apply,theory-families,100,correct,0,1,2.6,1,15.7
2026-06-28T17:32:54,u2-familysystems-stuckbetter-01,explain,understand,theory-families,50,correct,0,1,2.6,1,33.1
2026-06-28T17:33:16,u2-cbt-cloze-01,cloze,remember,theory-families,90,correct,0,1,2.6,1,20.7
2026-06-28T17:34:16,u2-unitofanalysis-analyze-01,explain,analyze,theory-families,90,correct,0,1,2.6,1,52.9
2026-06-28T17:35:51,u2-psychodynamic-vs-cbt-compare-01,compare,analyze,theory-families,80,shaky,0,1,2.36,0,70.8
2026-06-28T17:37:20,u1-microskills-recall-01,recall,understand,microskill-types,50,shaky,1,1,2.36,0,78.6
2026-06-28T17:38:18,u2-psychodynamic-stuckbetter-01,explain,understand,theory-families,50,shaky,0,1,2.36,0,37.6
2026-06-28T17:39:09,u2-differential-mcq-05,mcq,apply,theory-families,90,correct,0,1,2.6,1,15.1
2026-06-28T17:39:53,u2-psychodynamic-cloze-01,cloze,remember,theory-families,15,correct,0,1,2.6,1,32.3
2026-06-28T17:44:57,u2-ellis-vs-beck-compare-01,compare,analyze,theory-families,10,missed,0,1,2.18,0,63.3
2026-06-28T17:46:09,u2-defense-apply-01,vignette,apply,theory-families,10,missed,0,1,2.18,0,26.0
2026-06-28T17:46:58,u2-postmodern-stuckbetter-01,explain,understand,theory-families,40,shaky,0,1,2.36,0,31.1
2026-06-28T17:47:40,u2-personcentered-cloze-01,cloze,remember,theory-families,35,shaky,0,1,2.36,0,39.0
2026-06-28T17:51:05,u2-sfbt-vs-narrative-compare-01,compare,analyze,theory-families,5,missed,0,1,2.18,0,153.8
2026-06-28T17:51:25,u2-differential-mcq-04,mcq,analyze,theory-families,100,correct,0,1,2.6,1,9.7
2026-06-28T17:51:55,u2-familysystems-cloze-01,cloze,remember,theory-families,10,shaky,0,1,2.36,0,26.8
2026-06-28T21:18:32,u2-differential-mcq-01,mcq,apply,theory-families,100,correct,0,1,2.6,1,11.4
2026-06-28T22:06:52,u2-stance-evaluate-01,explain,evaluate,theory-families,75,correct,0,1,2.6,1,2885.9
2026-06-28T22:40:28,u2-cbt-stuckbetter-01,explain,understand,theory-families,50,correct,0,1,2.6,1,26.6
2026-06-28T22:45:14,u2-integrative-evaluate-01,explain,evaluate,theory-families,65,correct,0,1,2.6,1,271.5
2026-06-28T22:45:32,u2-postmodern-cloze-01,cloze,remember,theory-families,50,missed,0,1,2.18,0,14.2
2026-06-30T17:42:25,u1-microskills-recall-01,recall,understand,microskill-types,90,correct,1,1,2.46,1,62.7
2026-06-30T17:42:54,u1-bordin-understand-01,explain,understand,alliance-components,75,correct,3,6,2.6,2,25.0
2026-06-30T17:44:31,u2-existential-vs-personcentered-apply-01,compare,apply,theory-families,70,correct,1,6,2.7,2,82.2
2026-06-30T17:44:43,u2-postmodern-cloze-01,cloze,remember,theory-families,100,correct,1,1,2.28,1,10.0
2026-06-30T17:46:23,u1-contextual-understand-01,recall,understand,common-factors,80,shaky,1,1,2.36,0,47.2
2026-06-30T17:47:28,u1-bordin-apply-01,vignette,apply,alliance-components,85,correct,1,1,2.6,1,53.6
2026-06-30T17:49:22,u2-personcentered-vs-existential-compare-01,compare,analyze,theory-families,60,correct,0,1,2.6,1,96.3
2026-06-30T17:50:03,u2-differential-mcq-01,mcq,apply,theory-families,100,correct,1,6,2.7,2,9.5
2026-06-30T17:50:26,u1-reflect-apply-01,vignette,apply,microskill-types,100,shaky,3,2,2.36,1,13.6
2026-06-30T17:51:23,u2-cbt-apply-01,vignette,apply,theory-families,20,missed,0,1,2.18,0,38.9
2026-06-30T17:52:58,u2-psychodynamic-vs-cbt-compare-01,compare,analyze,theory-families,70,correct,1,1,2.46,1,77.3
2026-06-30T17:53:22,u2-personcentered-cloze-01,cloze,remember,theory-families,70,shaky,1,1,2.22,0,21.7
2026-06-30T17:55:28,u1-reflect-analyze-01,vignette,analyze,microskill-types,55,correct,3,6,2.6,2,109.1
2026-06-30T17:56:23,u2-postmodern-apply-01,vignette,apply,theory-families,85,shaky,1,1,2.04,0,47.2
2026-06-30T17:57:20,u1-coreconditions-evaluate-01,explain,evaluate,rogers-conditions,60,correct,3,6,2.6,2,37.8
2026-06-30T17:57:30,u1-coreconditions-cloze-01,cloze,remember,rogers-conditions,100,correct,1,1,2.6,1,5.6
2026-06-30T17:57:50,u1-alliance-evidence-recall-01,recall,remember,common-factors,100,correct,3,6,2.6,2,16.1
2026-06-30T17:58:03,u2-differential-mcq-05,mcq,apply,theory-families,90,correct,1,6,2.7,2,11.9
2026-06-30T17:58:59,u2-psychodynamic-cloze-01,cloze,remember,theory-families,10,missed,1,1,2.28,0,37.0
2026-06-30T17:59:59,u1-upr-apply-01,vignette,apply,rogers-conditions,70,shaky,3,2,2.36,1,52.0
2026-06-30T18:00:09,u2-cbt-cloze-01,cloze,remember,theory-families,100,correct,1,6,2.7,2,9.1
2026-06-30T18:00:18,u2-existential-cloze-01,cloze,remember,theory-families,100,correct,0,1,2.6,1,8.4
2026-06-30T18:01:32,u2-stance-evaluate-01,explain,evaluate,theory-families,50,correct,1,6,2.7,2,44.4
2026-06-30T18:03:50,u1-empathy-analyze-01,compare,analyze,rogers-conditions,85,shaky,3,2,2.36,1,97.1
2026-06-30T18:05:49,u2-sfbt-vs-narrative-compare-01,compare,analyze,theory-families,70,shaky,1,1,2.04,0,61.0
2026-06-30T18:06:00,u2-differential-mcq-03,mcq,apply,theory-families,100,correct,0,1,2.6,1,9.1
2026-06-30T18:06:52,u2-integrative-evaluate-01,explain,evaluate,theory-families,70,shaky,1,1,2.46,1,39.7
2026-06-30T18:07:00,u2-differential-mcq-02,mcq,apply,theory-families,100,correct,1,6,2.7,2,7.1
2026-06-30T18:09:12,u2-personcentered-apply-01,vignette,apply,theory-families,5,shaky,0,1,2.36,0,63.3
2026-06-30T18:10:34,u2-ellis-vs-beck-compare-01,compare,analyze,theory-families,60,correct,1,1,2.28,1,42.2
2026-06-30T18:15:45,u2-psychodynamic-apply-01,vignette,apply,theory-families,70,correct,0,1,2.6,1,36.9
2026-06-30T18:16:23,u1-upr-understand-01,explain,understand,rogers-conditions,80,correct,3,6,2.6,2,30.3
2026-06-30T18:17:09,u2-psychodynamic-stuckbetter-01,explain,understand,theory-families,70,correct,1,1,2.46,1,30.4
2026-06-30T18:18:09,u2-existential-apply-01,vignette,apply,theory-families,75,shaky,1,1,2.04,0,49.0
2026-06-30T18:19:43,u1-stance-apply-01,vignette,apply,microskill-types,80,correct,3,6,2.6,2,56.7
2026-06-30T18:20:47,u2-personcentered-stuckbetter-01,explain,understand,theory-families,50,shaky,1,1,2.22,0,41.6
2026-06-30T20:47:12,u1-commonfactors-evaluate-01,explain,evaluate,common-factors,65,shaky,1,1,2.36,0,8730.1
2026-06-30T20:47:52,u2-familysystems-cloze-01,cloze,remember,theory-families,0,missed,1,1,2.04,0,24.8
2026-06-30T20:48:28,u2-cbt-stuckbetter-01,explain,understand,theory-families,50,correct,1,6,2.7,2,23.6
2026-06-30T20:49:01,u1-stance-evaluate-01,explain,evaluate,microskill-types,80,correct,1,1,2.46,1,26.2
2026-06-30T20:50:22,u2-unitofanalysis-analyze-01,explain,analyze,theory-families,75,correct,1,6,2.7,2,62.4
2026-06-30T20:51:32,u2-defense-apply-01,vignette,apply,theory-families,50,shaky,1,1,2.04,0,39.9
2026-06-30T20:54:02,u2-existential-frankl-recall-01,recall,understand,theory-families,5,missed,0,1,2.18,0,23.0
2026-06-30T20:54:51,u2-familysystems-apply-01,vignette,apply,theory-families,5,missed,0,1,2.18,0,32.2
2026-06-30T20:57:44,u2-postmodern-evaluate-01,explain,evaluate,theory-families,55,missed,1,1,1.86,0,46.3
2026-06-30T20:57:51,u1-bordin-cloze-01,cloze,remember,alliance-components,100,correct,3,6,2.6,2,5.1
2026-06-30T21:00:03,u2-bowen-vs-minuchin-compare-01,compare,analyze,theory-families,5,missed,0,1,2.18,0,30.6
2026-06-30T21:01:13,u2-psychodynamic-evaluate-01,explain,evaluate,theory-families,40,missed,0,1,2.18,0,41.8
2026-06-30T21:01:24,u1-attending-cloze-01,cloze,remember,microskill-types,100,correct,1,6,2.7,2,9.2
2026-06-30T21:02:03,u2-familysystems-stuckbetter-01,explain,understand,theory-families,70,correct,1,6,2.7,2,29.0
2026-06-30T21:02:53,u2-postmodern-stuckbetter-01,explain,understand,theory-families,55,correct,1,1,2.46,1,33.9
2026-06-30T21:03:34,u2-cbt-vs-postmodern-compare-01,compare,analyze,theory-families,80,correct,1,6,2.7,2,35.2
2026-06-30T21:03:48,u2-differential-mcq-04,mcq,analyze,theory-families,100,correct,1,6,2.7,2,9.5
2026-07-01T16:56:05,u2-postmodern-stuckbetter-01,explain,understand,theory-families,80,correct,1,6,2.56,2,54.1
2026-07-01T16:57:41,u2-ellis-vs-beck-compare-01,compare,analyze,theory-families,75,correct,1,6,2.38,2,69.7
2026-07-01T16:57:49,u2-postmodern-cloze-01,cloze,remember,theory-families,100,correct,1,6,2.38,2,6.7
2026-07-01T16:58:03,u2-personcentered-cloze-01,cloze,remember,theory-families,100,correct,1,1,2.32,1,13.4
2026-07-01T16:59:10,u2-postmodern-evaluate-01,explain,evaluate,theory-families,85,correct,1,1,1.96,1,54.4
2026-07-01T16:59:49,u1-stance-evaluate-01,explain,evaluate,microskill-types,85,correct,1,6,2.56,2,32.9
2026-07-01T16:59:56,u2-existential-cloze-01,cloze,remember,theory-families,100,correct,1,6,2.7,2,6.3
2026-07-01T17:01:11,u2-integrative-evaluate-01,explain,evaluate,theory-families,75,correct,1,6,2.56,2,59.9
2026-07-01T17:01:46,u2-existential-frankl-recall-01,recall,understand,theory-families,90,correct,1,1,2.28,1,29.6
2026-07-01T17:03:00,u2-cbt-apply-01,vignette,apply,theory-families,90,correct,1,1,2.28,1,28.5
2026-07-01T17:03:09,u2-psychodynamic-cloze-01,cloze,remember,theory-families,100,correct,1,1,2.38,1,8.1
2026-07-01T17:03:52,u2-psychodynamic-apply-01,vignette,apply,theory-families,75,correct,1,6,2.7,2,36.4
2026-07-01T17:05:15,u2-psychodynamic-vs-cbt-compare-01,compare,analyze,theory-families,80,correct,1,6,2.56,2,67.9
2026-07-01T17:05:55,u2-psychodynamic-evaluate-01,explain,evaluate,theory-families,75,shaky,1,1,2.04,0,30.3
2026-07-01T17:06:52,u2-personcentered-stuckbetter-01,explain,understand,theory-families,90,correct,1,1,2.32,1,43.7
2026-07-01T17:07:29,u2-postmodern-apply-01,vignette,apply,theory-families,75,correct,1,1,2.14,1,24.1
2026-07-01T17:08:28,u2-existential-apply-01,vignette,apply,theory-families,70,correct,1,1,2.14,1,52.1
2026-07-01T17:08:34,u2-differential-mcq-03,mcq,apply,theory-families,100,correct,1,6,2.7,2,4.8
2026-07-01T17:08:50,u1-contextual-understand-01,recall,understand,common-factors,100,correct,1,1,2.46,1,8.6
2026-07-01T17:08:57,u1-coreconditions-cloze-01,cloze,remember,rogers-conditions,100,correct,1,6,2.7,2,5.6
2026-07-01T17:10:56,u1-commonfactors-evaluate-01,explain,evaluate,common-factors,85,correct,1,1,2.46,1,107.3
2026-07-01T17:14:18,u2-bowen-vs-minuchin-compare-01,compare,analyze,theory-families,50,missed,1,1,1.86,0,48.9
2026-07-01T17:15:10,u1-microskills-recall-01,recall,understand,microskill-types,90,correct,1,6,2.56,2,30.1
2026-07-01T17:15:21,u2-familysystems-cloze-01,cloze,remember,theory-families,90,correct,1,1,2.14,1,9.3
2026-07-01T17:15:57,u2-personcentered-apply-01,vignette,apply,theory-families,20,shaky,1,1,2.22,0,28.6
2026-07-01T17:17:27,u1-bordin-apply-01,vignette,apply,alliance-components,80,correct,1,6,2.7,2,50.8
2026-07-01T17:18:34,u2-psychodynamic-stuckbetter-01,explain,understand,theory-families,80,correct,1,6,2.56,2,56.2
2026-07-01T17:19:38,u2-personcentered-vs-existential-compare-01,compare,analyze,theory-families,80,correct,1,6,2.7,2,56.5
2026-07-01T17:21:46,u2-sfbt-vs-narrative-compare-01,compare,analyze,theory-families,75,shaky,1,1,1.9,0,82.2
2026-07-01T17:22:32,u2-familysystems-apply-01,vignette,apply,theory-families,85,correct,1,1,2.28,1,36.4
2026-07-02T16:14:20,u2-existential-frankl-recall-01,recall,understand,theory-families,90,correct,1,6,2.38,2,20.3
2026-07-02T16:14:25,u2-psychodynamic-cloze-01,cloze,remember,theory-families,100,correct,1,6,2.48,2,3.4
2026-07-02T16:14:44,u2-familysystems-apply-01,vignette,apply,theory-families,90,correct,1,6,2.38,2,13.1
2026-07-02T16:15:19,u2-existential-apply-01,vignette,apply,theory-families,85,correct,1,6,2.24,2,26.8
2026-07-02T16:15:24,u2-familysystems-cloze-01,cloze,remember,theory-families,100,correct,1,6,2.24,2,4.3
2026-07-02T16:16:11,u2-personcentered-apply-01,vignette,apply,theory-families,50,shaky,1,1,2.08,0,40.6
2026-07-02T16:16:52,u2-postmodern-evaluate-01,explain,evaluate,theory-families,75,correct,1,6,2.06,2,27.1
2026-07-02T16:17:22,u2-postmodern-apply-01,vignette,apply,theory-families,85,correct,1,6,2.24,2,23.4
2026-07-02T16:17:47,u1-upr-apply-01,vignette,apply,rogers-conditions,90,correct,2,6,2.46,2,21.7
2026-07-02T16:18:19,u2-psychodynamic-evaluate-01,explain,evaluate,theory-families,90,correct,1,1,2.14,1,17.7
2026-07-02T16:19:10,u2-personcentered-stuckbetter-01,explain,understand,theory-families,100,correct,1,6,2.42,2,39.7
2026-07-02T16:20:08,u2-bowen-vs-minuchin-compare-01,compare,analyze,theory-families,50,shaky,1,1,1.72,0,34.4
2026-07-02T16:20:13,u2-personcentered-cloze-01,cloze,remember,theory-families,100,correct,1,6,2.42,2,3.7
2026-07-02T16:21:31,u1-contextual-understand-01,recall,understand,common-factors,90,correct,1,6,2.56,2,69.7
2026-07-02T16:24:16,u2-cbt-apply-01,vignette,apply,theory-families,90,correct,1,6,2.38,2,49.4
2026-07-02T16:24:39,u1-reflect-apply-01,vignette,apply,microskill-types,90,correct,2,6,2.46,2,14.5
2026-07-02T16:24:59,u1-commonfactors-evaluate-01,explain,evaluate,common-factors,100,correct,1,6,2.56,2,13.4
2026-07-02T16:26:55,u2-sfbt-vs-narrative-compare-01,compare,analyze,theory-families,80,shaky,1,1,1.76,0,77.5
2026-07-02T16:27:20,u1-empathy-analyze-01,compare,analyze,rogers-conditions,90,correct,2,6,2.46,2,14.5
2026-07-02T16:28:31,u2-defense-apply-01,vignette,apply,theory-families,70,missed,1,1,1.72,0,39.5
2026-07-06T16:42:40,u2-differential-mcq-04,mcq,analyze,theory-families,100,correct,6,16,2.8,3,12.4
2026-07-06T16:43:47,u1-reflect-analyze-01,vignette,analyze,microskill-types,95,correct,6,16,2.7,3,57.9
2026-07-06T16:44:51,u1-coreconditions-evaluate-01,explain,evaluate,rogers-conditions,100,correct,6,16,2.7,3,51.4
2026-07-06T16:47:17,u2-existential-vs-personcentered-apply-01,compare,apply,theory-families,80,correct,6,16,2.8,3,134.7
2026-07-06T16:47:45,u1-stance-apply-01,vignette,apply,microskill-types,90,correct,6,16,2.7,3,20.3
2026-07-06T16:47:50,u1-bordin-cloze-01,cloze,remember,alliance-components,100,correct,6,16,2.7,3,4.0
2026-07-06T16:48:53,u2-cbt-stuckbetter-01,explain,understand,theory-families,85,correct,6,16,2.8,3,47.8
2026-07-06T16:49:44,u2-sfbt-vs-narrative-compare-01,compare,analyze,theory-families,80,correct,1,1,1.86,1,38.8
2026-07-06T16:49:52,u2-differential-mcq-01,mcq,apply,theory-families,100,correct,6,16,2.8,3,7.6
2026-07-06T16:50:03,u2-cbt-cloze-01,cloze,remember,theory-families,100,correct,6,16,2.8,3,8.9
2026-07-06T16:50:09,u1-attending-cloze-01,cloze,remember,microskill-types,100,correct,6,16,2.8,3,5.0
2026-07-06T16:50:57,u1-upr-understand-01,explain,understand,rogers-conditions,85,correct,6,16,2.7,3,39.4
2026-07-06T16:53:34,u2-familysystems-stuckbetter-01,explain,understand,theory-families,90,correct,6,16,2.8,3,15.5
2026-07-06T16:53:40,u2-differential-mcq-02,mcq,apply,theory-families,100,correct,6,16,2.8,3,5.3
2026-07-06T16:53:49,u2-unitofanalysis-analyze-01,explain,analyze,theory-families,100,correct,6,16,2.8,3,5.0
2026-07-06T16:54:12,u1-bordin-understand-01,explain,understand,alliance-components,100,correct,6,16,2.7,3,16.7
2026-07-06T16:54:33,u2-stance-evaluate-01,explain,evaluate,theory-families,100,correct,6,16,2.8,3,14.9
2026-07-06T16:54:50,u1-alliance-evidence-recall-01,recall,remember,common-factors,100,correct,6,16,2.7,3,12.1
2026-07-06T16:56:06,u2-bowen-vs-minuchin-compare-01,compare,analyze,theory-families,100,correct,1,1,1.82,1,67.7
2026-07-06T16:56:55,u2-cbt-vs-postmodern-compare-01,compare,analyze,theory-families,100,correct,6,16,2.8,3,45.0
2026-07-06T16:57:02,u2-differential-mcq-05,mcq,apply,theory-families,100,correct,6,16,2.8,3,5.4
2026-07-06T16:57:33,u2-personcentered-apply-01,vignette,apply,theory-families,65,shaky,1,1,1.94,0,24.9
2026-07-06T16:58:04,u2-psychodynamic-evaluate-01,explain,evaluate,theory-families,100,correct,1,6,2.24,2,24.1
2026-07-06T16:58:26,u2-defense-apply-01,vignette,apply,theory-families,100,correct,1,1,1.82,1,16.6
2026-07-06T17:27:55,ax-pfa-worden-recall-01,recall,understand,grief-models,85,correct,0,1,2.6,1,77.1
2026-07-06T17:28:29,ax-pfa-objectives-recall-01,recall,remember,pfa-frameworks,80,missed,1,1,1.86,0,22.2
2026-07-06T17:29:30,ax-pfa-coreactions-analyze-01,vignette,analyze,pfa-frameworks,50,missed,1,1,1.86,0,28.3
2026-07-06T17:30:23,ax-pfa-evidence-evaluate-01,explain,evaluate,pfa-frameworks,30,shaky,0,1,2.36,0,35.1
2026-07-06T17:32:06,ax-pfa-coreactions-recall-01,recall,understand,pfa-frameworks,50,missed,0,1,2.18,0,70.6
2026-07-06T17:33:05,ax-pfa-condolence-analyze-01,vignette,analyze,bereavement-support,85,correct,0,1,2.6,1,39.4
2026-07-06T17:33:15,ax-pfa-dpm-cloze-01,cloze,remember,grief-models,80,correct,0,1,2.6,1,7.1
2026-07-06T17:34:13,ax-pfa-debrief-apply-01,vignette,apply,pfa-frameworks,80,correct,0,1,2.6,1,42.7
2026-07-06T17:34:19,ax-pfa-ring-cloze-01,cloze,remember,bereavement-support,100,correct,0,1,2.6,1,5.2
2026-07-06T17:34:55,ax-pfa-help-apply-01,vignette,apply,bereavement-support,80,correct,0,1,2.6,1,26.1
2026-07-06T17:35:34,ax-pfa-pgd-analyze-01,vignette,analyze,grief-models,100,correct,0,1,2.6,1,20.9
2026-07-06T17:35:44,ax-pfa-pgd-risk-mcq-01,mcq,understand,grief-models,100,correct,0,1,2.6,1,8.3
2026-07-06T17:36:24,ax-pfa-debrief-understand-01,explain,understand,pfa-frameworks,85,correct,0,1,2.6,1,27.9
2026-07-06T17:37:45,ax-pfa-grief-compare-01,compare,analyze,grief-models,90,correct,1,1,2.28,1,67.9
2026-07-06T17:37:56,ax-pfa-lll-cloze-01,cloze,remember,pfa-frameworks,100,correct,0,1,2.6,1,9.6
2026-07-06T17:38:12,ax-pfa-pgd-cloze-01,cloze,remember,grief-models,100,correct,0,1,2.6,1,6.3
2026-07-06T17:39:40,ax-pfa-refer-analyze-01,vignette,analyze,bereavement-support,40,shaky,1,1,2.04,0,75.8
2026-07-06T17:40:55,ax-pfa-lll-apply-01,vignette,apply,pfa-frameworks,85,correct,0,1,2.6,1,51.3
2026-07-06T17:41:40,ax-pfa-selfcare-evaluate-01,explain,evaluate,bereavement-support,80,missed,0,1,2.18,0,34.9
2026-07-06T17:42:38,ax-pfa-dpm-apply-01,vignette,apply,grief-models,80,shaky,0,1,2.36,0,47.4
2026-07-06T17:43:18,ax-pfa-kublerross-evaluate-01,explain,evaluate,grief-models,65,missed,0,1,2.18,0,31.7
2026-07-06T17:44:03,ax-pfa-name-understand-01,explain,understand,bereavement-support,85,correct,1,6,2.7,2,37.4
2026-07-06T17:44:58,ax-pfa-ring-apply-01,vignette,apply,bereavement-support,80,correct,1,1,2.46,1,44.4
2026-07-07T17:21:28,ax-pfa-grief-compare-01,compare,analyze,grief-models,100,correct,1,6,2.38,2,62.6
2026-07-07T17:22:38,u2-psychodynamic-vs-cbt-compare-01,compare,analyze,theory-families,80,correct,6,15,2.66,3,52.7
2026-07-07T17:22:45,ax-pfa-pgd-risk-mcq-01,mcq,understand,grief-models,100,correct,1,6,2.7,2,5.8
2026-07-07T17:23:37,u2-psychodynamic-apply-01,vignette,apply,theory-families,80,correct,6,16,2.8,3,47.9
2026-07-07T17:24:21,ax-pfa-worden-recall-01,recall,understand,grief-models,70,correct,1,6,2.7,2,37.1
2026-07-07T17:24:28,u1-coreconditions-cloze-01,cloze,remember,rogers-conditions,100,correct,6,16,2.8,3,6.6
2026-07-07T17:25:14,u1-bordin-apply-01,vignette,apply,alliance-components,80,correct,6,16,2.8,3,33.7
2026-07-07T17:25:57,ax-pfa-evidence-evaluate-01,explain,evaluate,pfa-frameworks,50,shaky,1,1,2.22,0,26.0
2026-07-07T17:27:16,u2-sfbt-vs-narrative-compare-01,compare,analyze,theory-families,95,correct,1,6,1.96,2,72.5
2026-07-07T17:27:53,u2-psychodynamic-stuckbetter-01,explain,understand,theory-families,70,shaky,6,3,2.42,2,25.8
2026-07-07T17:28:11,u2-postmodern-stuckbetter-01,explain,understand,theory-families,100,correct,6,15,2.66,3,10.5
2026-07-07T17:28:23,ax-pfa-pgd-analyze-01,vignette,analyze,grief-models,100,correct,1,6,2.7,2,6.8
2026-07-07T17:28:54,u1-microskills-recall-01,recall,understand,microskill-types,100,correct,6,15,2.66,3,23.5
2026-07-07T17:29:30,ax-pfa-objectives-recall-01,recall,remember,pfa-frameworks,50,missed,1,1,1.54,0,23.1
2026-07-07T17:30:05,ax-pfa-debrief-apply-01,vignette,apply,pfa-frameworks,100,correct,1,6,2.7,2,19.0
2026-07-07T17:31:02,ax-pfa-dpm-apply-01,vignette,apply,grief-models,100,correct,1,1,2.46,1,47.8
2026-07-07T17:31:35,ax-pfa-refer-analyze-01,vignette,analyze,bereavement-support,70,correct,1,1,2.14,1,15.2
2026-07-07T17:31:40,u1-stance-evaluate-01,explain,evaluate,microskill-types,100,correct,6,15,2.66,3,4.7
2026-07-07T17:31:49,u2-differential-mcq-03,mcq,apply,theory-families,100,correct,6,16,2.8,3,8.2
2026-07-07T17:33:31,ax-pfa-kublerross-evaluate-01,explain,evaluate,grief-models,50,missed,1,1,1.86,0,94.8
2026-07-07T17:33:53,ax-pfa-condolence-analyze-01,vignette,analyze,bereavement-support,100,correct,1,6,2.7,2,13.9
2026-07-07T17:33:59,ax-pfa-dpm-cloze-01,cloze,remember,grief-models,100,correct,1,6,2.7,2,3.3
2026-07-07T17:34:43,u2-bowen-vs-minuchin-compare-01,compare,analyze,theory-families,90,correct,1,6,1.92,2,33.9
2026-07-07T17:35:59,ax-pfa-lll-apply-01,vignette,apply,pfa-frameworks,70,correct,1,6,2.7,2,66.3
2026-07-07T17:36:11,ax-pfa-coreactions-analyze-01,vignette,analyze,pfa-frameworks,100,correct,1,1,1.96,1,7.0
2026-07-07T17:36:34,ax-pfa-selfcare-evaluate-01,explain,evaluate,bereavement-support,80,correct,1,1,2.28,1,15.3
2026-07-07T17:37:55,u2-ellis-vs-beck-compare-01,compare,analyze,theory-families,75,correct,6,14,2.48,3,74.5
2026-07-07T17:38:24,u2-integrative-evaluate-01,explain,evaluate,theory-families,100,correct,6,15,2.66,3,17.2
2026-07-07T17:38:28,ax-pfa-pgd-cloze-01,cloze,remember,grief-models,100,correct,1,6,2.7,2,3.8
2026-07-07T17:39:00,ax-pfa-debrief-understand-01,explain,understand,pfa-frameworks,70,correct,1,6,2.7,2,22.9
2026-07-07T17:39:06,ax-pfa-ring-cloze-01,cloze,remember,bereavement-support,100,correct,1,6,2.7,2,4.1
2026-07-07T17:39:12,u2-existential-cloze-01,cloze,remember,theory-families,100,correct,6,16,2.8,3,4.7
2026-07-07T17:39:38,ax-pfa-help-apply-01,vignette,apply,bereavement-support,100,correct,1,6,2.7,2,22.3
2026-07-07T17:39:42,u2-postmodern-cloze-01,cloze,remember,theory-families,100,correct,6,14,2.48,3,2.8
2026-07-07T17:40:31,ax-pfa-coreactions-recall-01,recall,understand,pfa-frameworks,80,correct,1,1,2.28,1,39.2
2026-07-07T17:40:50,u2-personcentered-apply-01,vignette,apply,theory-families,100,correct,1,1,2.04,1,13.2
2026-07-07T17:41:16,u2-defense-apply-01,vignette,apply,theory-families,75,missed,1,1,1.5,0,10.4
2026-07-07T17:41:48,u2-personcentered-vs-existential-compare-01,compare,analyze,theory-families,100,correct,6,16,2.8,3,27.1
2026-07-07T17:41:53,ax-pfa-lll-cloze-01,cloze,remember,pfa-frameworks,100,correct,1,6,2.7,2,3.2
2026-07-07T17:42:05,ax-pfa-ring-apply-01,vignette,apply,bereavement-support,100,correct,1,6,2.56,2,7.7
2026-07-08T22:02:19,u1-empathy-analyze-01,compare,analyze,rogers-conditions,100,correct,6,15,2.56,3,101.9
2026-07-08T22:02:49,ax-pfa-objectives-recall-01,recall,remember,pfa-frameworks,75,correct,1,1,1.64,1,21.8
2026-07-08T22:02:55,u2-personcentered-cloze-01,cloze,remember,theory-families,100,correct,6,15,2.52,3,4.1
2026-07-08T22:03:12,u1-upr-apply-01,vignette,apply,rogers-conditions,100,correct,6,15,2.56,3,14.7
2026-07-08T22:03:54,u2-cbt-apply-01,vignette,apply,theory-families,80,correct,6,14,2.48,3,31.4
2026-07-08T22:04:16,u2-existential-apply-01,vignette,apply,theory-families,100,correct,6,13,2.34,3,16.0
2026-07-08T22:04:44,ax-pfa-kublerross-evaluate-01,explain,evaluate,grief-models,85,correct,1,1,1.96,1,19.5
2026-07-08T22:04:56,u1-reflect-apply-01,vignette,apply,microskill-types,100,correct,6,15,2.56,3,10.6
2026-07-08T22:05:00,u2-familysystems-cloze-01,cloze,remember,theory-families,100,correct,6,13,2.34,3,4.0
2026-07-08T22:05:37,u2-postmodern-evaluate-01,explain,evaluate,theory-families,90,correct,6,12,2.16,3,29.3
2026-07-08T22:05:40,u2-psychodynamic-cloze-01,cloze,remember,theory-families,100,correct,6,15,2.58,3,2.7
2026-07-08T22:07:43,u2-defense-apply-01,vignette,apply,theory-families,100,correct,1,1,1.6,1,119.5
2026-07-08T22:07:59,u2-familysystems-apply-01,vignette,apply,theory-families,100,correct,6,14,2.48,3,11.3
2026-07-08T22:08:31,u1-commonfactors-evaluate-01,explain,evaluate,common-factors,90,correct,6,15,2.66,3,24.3
2026-07-08T22:09:02,ax-pfa-refer-analyze-01,vignette,analyze,bereavement-support,75,shaky,1,1,2.0,1,13.8
2026-07-08T22:10:29,ax-pfa-coreactions-recall-01,recall,understand,pfa-frameworks,75,correct,1,6,2.38,2,68.4
2026-07-08T22:10:41,ax-pfa-coreactions-analyze-01,vignette,analyze,pfa-frameworks,90,correct,1,6,2.06,2,7.0
2026-07-08T22:11:21,ax-pfa-dpm-apply-01,vignette,apply,grief-models,90,correct,1,6,2.56,2,33.2
2026-07-08T22:11:41,ax-pfa-selfcare-evaluate-01,explain,evaluate,bereavement-support,100,correct,1,6,2.38,2,12.5
2026-07-08T22:12:03,u1-contextual-understand-01,recall,understand,common-factors,100,shaky,6,3,2.42,2,6.6
2026-07-08T22:14:31,ax-pfa-evidence-evaluate-01,explain,evaluate,pfa-frameworks,80,correct,1,1,2.32,1,136.9
2026-07-08T22:14:46,u2-personcentered-apply-01,vignette,apply,theory-families,100,correct,1,6,2.14,2,10.4
2026-07-08T22:15:26,u2-existential-frankl-recall-01,recall,understand,theory-families,100,correct,6,14,2.48,3,23.7
2026-07-08T22:15:55,u2-postmodern-apply-01,vignette,apply,theory-families,90,correct,6,13,2.34,3,23.4
2026-07-08T22:16:42,u2-personcentered-stuckbetter-01,explain,understand,theory-families,85,correct,6,15,2.52,3,37.9
2026-07-08T22:17:12,u3-state-variation-mcq-01,mcq,understand,duty-concepts,80,correct,0,1,2.6,1,21.8
2026-07-08T22:18:17,u3-reporting-mechanics-recall-01,recall,remember,confidentiality-exceptions,65,correct,0,1,2.6,1,53.4
2026-07-08T22:21:52,u3-crossing-violation-compare-01,compare,analyze,boundary-concepts,50,missed,0,1,2.18,0,196.6
2026-07-08T22:22:52,u3-consent-assent-compare-01,compare,understand,,65,shaky,0,1,2.36,0,44.7
2026-07-08T22:24:10,u3-jaffee-recall-01,recall,remember,confidentiality-exceptions,0,missed,0,1,2.18,0,21.0
2026-07-08T22:24:33,u3-multicultural-floor-cloze-01,cloze,remember,,0,missed,0,1,2.18,0,18.0
2026-07-08T22:24:44,u3-reporting-trigger-cloze-01,cloze,remember,confidentiality-exceptions,80,missed,0,1,2.18,0,8.8
2026-07-08T22:24:56,u3-professions-testing-mcq-01,mcq,apply,the-helping-professions,100,correct,0,1,2.6,1,9.8
2026-07-08T22:25:45,u3-conf-triad-compare-01,compare,analyze,confidentiality-exceptions,55,shaky,0,1,2.36,0,37.3
2026-07-08T22:27:13,u3-professions-lens-compare-01,compare,analyze,the-helping-professions,20,missed,0,1,2.18,0,43.3
2026-07-08T22:28:40,u3-report-vs-warn-compare-01,compare,analyze,confidentiality-exceptions,70,missed,0,1,2.18,0,43.1
2026-07-08T22:29:34,u3-scope-competence-compare-01,compare,analyze,duty-concepts,15,correct,0,1,2.6,1,36.6
2026-07-08T22:30:05,u3-c2b-newspecialty-recall-01,recall,remember,,50,shaky,0,1,2.36,0,19.3
2026-07-08T22:31:47,u3-tarasoff-facts-recall-01,recall,understand,duty-concepts,75,missed,0,1,2.18,0,81.2
2026-07-08T22:31:58,u3-consent-cloze-01,cloze,remember,,100,correct,0,1,2.6,1,9.9
2026-07-09T17:55:04,u3-consent-elements-recall-01,recall,remember,,20,missed,0,1,2.18,0,37.7
2026-07-09T17:55:10,u3-reporting-trigger-cloze-01,cloze,remember,confidentiality-exceptions,100,correct,1,1,2.28,1,4.6
2026-07-09T17:56:22,u3-ethicslaw-compare-01,compare,analyze,duty-concepts,10,shaky,0,1,2.36,0,46.7
2026-07-09T17:57:11,u3-warn-protect-compare-01,compare,analyze,duty-concepts,75,correct,0,1,2.6,1,34.7
2026-07-09T17:57:53,u3-conf-triad-compare-01,compare,analyze,confidentiality-exceptions,60,correct,1,1,2.46,1,33.8
2026-07-09T17:58:22,u3-c2b-newspecialty-recall-01,recall,remember,,75,correct,1,1,2.46,1,17.2
2026-07-09T17:59:07,u3-disease-apply-01,vignette,apply,confidentiality-exceptions,55,shaky,0,1,2.36,0,14.6
2026-07-09T18:00:31,u3-threat-stance-vignette-01,vignette,apply,confidentiality-exceptions,60,correct,0,1,2.6,1,46.9
2026-07-09T18:01:08,ax-pfa-evidence-evaluate-01,explain,evaluate,pfa-frameworks,70,correct,1,6,2.42,2,26.7
2026-07-09T18:02:21,u3-protect-menu-recall-01,recall,apply,duty-concepts,20,missed,0,1,2.18,0,51.7
2026-07-09T18:03:07,u3-code-structure-cloze-01,cloze,remember,ethics-principles,5,missed,0,1,2.18,0,12.4
2026-07-09T18:03:59,u3-scope-competence-compare-01,compare,analyze,duty-concepts,75,correct,1,6,2.7,2,35.4
2026-07-09T18:04:13,u3-exception-discrim-mcq-01,mcq,analyze,confidentiality-exceptions,100,correct,0,1,2.6,1,12.8
2026-07-09T18:05:28,u3-boundary-discrim-mcq-01,mcq,analyze,boundary-concepts,85,correct,0,1,2.6,1,23.8
2026-07-09T18:07:44,u3-report-vs-warn-compare-01,compare,analyze,confidentiality-exceptions,50,shaky,1,1,2.04,0,106.1
2026-07-09T18:09:57,u3-rxp-recall-01,recall,remember,the-helping-professions,20,missed,0,1,2.18,0,16.1
2026-07-09T18:15:24,ax-pfa-notify-grieving-recall-01,recall,understand,bereavement-support,5,missed,0,1,2.18,0,9.6
2026-07-09T18:15:34,u3-professions-prescribe-mcq-01,mcq,apply,the-helping-professions,100,correct,0,1,2.6,1,9.3
2026-07-09T18:15:42,u3-consent-cloze-01,cloze,remember,,100,correct,1,6,2.7,2,6.8
2026-07-09T18:15:58,u3-code-newsection-mcq-01,mcq,remember,ethics-principles,65,correct,0,1,2.6,1,13.9
2026-07-09T18:16:56,u3-consent-trainee-apply-01,vignette,apply,,20,missed,0,1,2.18,0,41.6
2026-07-09T18:17:30,ax-pfa-notify-reasking-analyze-01,vignette,analyze,bereavement-support,80,correct,0,1,2.6,1,18.5
2026-07-09T18:18:18,u3-professions-lens-compare-01,compare,analyze,the-helping-professions,65,correct,1,1,2.28,1,29.4
2026-07-09T18:18:30,ax-pfa-notify-unconfirmed-mcq-01,mcq,apply,bereavement-support,100,correct,0,1,2.6,1,11.1
2026-07-09T18:18:39,u3-dual-5year-cloze-01,cloze,remember,boundary-concepts,100,correct,0,1,2.6,1,7.9
2026-07-09T18:19:09,u3-consent-mandated-apply-01,vignette,apply,,25,missed,0,1,2.18,0,21.9
2026-07-09T18:20:02,u3-principles-apply-01,vignette,apply,ethics-principles,20,missed,0,1,2.18,0,21.2
2026-07-09T18:20:06,u2-defense-apply-01,vignette,apply,theory-families,100,correct,1,6,1.7,2,3.5
2026-07-12T14:38:36,u3-consent-assent-compare-01,compare,understand,,70,correct,1,1,2.46,1,68.2
2026-07-12T14:40:58,u3-threat-stance-vignette-01,vignette,apply,confidentiality-exceptions,70,correct,1,6,2.7,2,85.6
2026-07-12T14:41:27,u3-multicultural-floor-cloze-01,cloze,remember,,10,missed,1,1,1.86,0,24.8
2026-07-12T14:42:33,u3-crossing-violation-compare-01,compare,analyze,boundary-concepts,75,correct,1,1,2.28,1,40.6
2026-07-12T14:43:05,u2-psychodynamic-evaluate-01,explain,evaluate,theory-families,95,correct,6,13,2.34,3,24.1
2026-07-12T14:43:32,u3-warn-protect-compare-01,compare,analyze,duty-concepts,75,correct,1,6,2.7,2,16.7
2026-07-12T14:43:38,u3-code-structure-cloze-01,cloze,remember,ethics-principles,100,correct,1,1,2.28,1,4.6
2026-07-12T14:44:31,u1-contextual-understand-01,recall,understand,common-factors,75,correct,3,7,2.52,3,22.3
2026-07-12T14:45:16,u3-consent-mandated-apply-01,vignette,apply,,50,shaky,1,1,2.04,0,19.0
2026-07-12T14:46:01,u3-protect-menu-recall-01,recall,apply,duty-concepts,70,correct,1,1,2.28,1,30.2
2026-07-12T14:46:40,u2-psychodynamic-stuckbetter-01,explain,understand,theory-families,80,correct,3,7,2.52,3,29.1
2026-07-12T14:47:48,u3-rxp-recall-01,recall,remember,the-helping-professions,15,missed,1,1,1.86,0,31.0
2026-07-12T14:48:44,u3-rural-apply-01,vignette,apply,boundary-concepts,60,shaky,0,1,2.36,0,34.0
2026-07-12T14:48:54,u3-professions-prescribe-mcq-01,mcq,apply,the-helping-professions,100,correct,1,6,2.7,2,9.1
2026-07-12T14:49:31,u3-reporting-mechanics-recall-01,recall,remember,confidentiality-exceptions,65,correct,1,6,2.7,2,25.2
2026-07-12T14:51:00,u3-principles-compare-01,compare,analyze,ethics-principles,45,correct,0,1,2.6,1,71.5
2026-07-12T14:52:02,u3-values-referral-vignette-01,vignette,apply,,55,missed,0,1,2.18,0,41.2
2026-07-12T14:52:51,u3-tarasoff-facts-recall-01,recall,understand,duty-concepts,80,shaky,1,1,2.04,0,21.7
2026-07-12T14:53:25,u3-court-order-apply-01,vignette,apply,confidentiality-exceptions,50,correct,0,1,2.6,1,20.2
2026-07-12T14:53:56,u3-principles-apply-01,vignette,apply,ethics-principles,70,correct,1,1,2.28,1,23.4
2026-07-12T14:54:05,u3-exception-discrim-mcq-01,mcq,analyze,confidentiality-exceptions,100,correct,1,6,2.7,2,8.5
2026-07-12T14:54:48,u3-reporting-alliance-stance-01,explain,evaluate,confidentiality-exceptions,70,shaky,0,1,2.36,0,20.8
2026-07-12T14:56:12,u3-decision-model-explain-01,explain,evaluate,duty-concepts,10,missed,0,1,2.18,0,19.3
2026-07-12T14:56:23,u3-professions-testing-mcq-01,mcq,apply,the-helping-professions,100,correct,1,6,2.7,2,9.6
2026-07-12T14:58:38,u3-conf-speech-produce-01,explain,apply,confidentiality-exceptions,80,correct,0,1,2.6,1,112.2
2026-07-12T14:59:19,u3-disease-apply-01,vignette,apply,confidentiality-exceptions,75,correct,1,1,2.46,1,29.6
2026-07-12T15:01:41,u3-trigger-discrim-vignette-01,vignette,analyze,confidentiality-exceptions,80,missed,0,1,2.18,0,31.1
2026-07-12T15:02:11,u3-c2b-newspecialty-recall-01,recall,remember,,85,correct,1,6,2.56,2,18.3
2026-07-12T15:08:34,u3-slippery-slope-explain-01,explain,understand,boundary-concepts,15,missed,0,1,2.18,0,32.9
2026-07-12T15:09:24,u3-tarasoff-critique-evaluate-01,explain,evaluate,duty-concepts,40,missed,0,1,2.18,0,24.2
2026-07-12T15:10:00,u3-report-vs-warn-compare-01,compare,analyze,confidentiality-exceptions,90,correct,1,1,2.14,1,16.8
2026-07-12T15:10:55,u3-professions-paths-recall-01,recall,remember,the-helping-professions,15,missed,0,1,2.18,0,26.6
2026-07-12T15:11:39,u3-exceptions-freerecall-01,recall,remember,confidentiality-exceptions,80,missed,0,1,2.18,0,28.7
2026-07-12T15:11:46,u3-dual-5year-cloze-01,cloze,remember,boundary-concepts,100,correct,1,6,2.7,2,5.3
2026-07-12T15:12:36,u3-impairment-vignette-01,vignette,apply,,45,missed,0,1,2.18,0,27.1
2026-07-12T15:13:02,u3-minimal-disclosure-explain-01,explain,understand,confidentiality-exceptions,40,missed,0,1,2.18,0,21.1
2026-07-12T15:13:16,u3-state-variation-mcq-01,mcq,understand,duty-concepts,100,missed,1,1,2.28,0,10.9
2026-07-12T15:14:13,u3-principles-recall-01,recall,remember,ethics-principles,40,missed,0,1,2.18,0,46.6
2026-07-12T15:15:00,u3-jaffee-recall-01,recall,remember,confidentiality-exceptions,0,missed,1,1,1.86,0,6.9
2026-07-12T15:15:10,u3-code-newsection-mcq-01,mcq,remember,ethics-principles,100,correct,1,6,2.7,2,8.9
2026-07-12T15:15:36,u3-conf-triad-compare-01,compare,analyze,confidentiality-exceptions,80,correct,1,6,2.56,2,18.1
2026-07-12T15:15:43,u3-b2a-wording-cloze-01,cloze,remember,confidentiality-exceptions,100,correct,0,1,2.6,1,6.3
2026-07-12T15:15:48,u3-reporting-trigger-cloze-01,cloze,remember,confidentiality-exceptions,100,correct,1,6,2.38,2,4.0
2026-07-12T15:15:59,u3-boundary-discrim-mcq-01,mcq,analyze,boundary-concepts,100,correct,1,6,2.7,2,9.6
2026-07-12T15:16:52,u3-consent-trainee-apply-01,vignette,apply,,100,correct,1,1,2.28,1,42.8
2026-07-12T15:17:16,u3-ethicslaw-conflict-recall-01,recall,understand,duty-concepts,0,missed,0,1,2.18,0,11.7
2026-07-12T15:18:13,u3-ethicslaw-compare-01,compare,analyze,duty-concepts,85,correct,1,1,2.46,1,32.6
2026-07-12T15:18:36,u3-reporting-hesitate-vignette-01,vignette,apply,confidentiality-exceptions,70,correct,0,1,2.6,1,12.2
2026-07-12T15:19:18,u3-professions-lens-compare-01,compare,analyze,the-helping-professions,85,correct,1,6,2.38,2,34.4
2026-07-12T15:20:29,u3-consent-elements-recall-01,recall,remember,,50,correct,1,1,2.28,1,55.6
2026-07-12T15:20:40,u3-tobriner-cloze-01,cloze,remember,duty-concepts,20,missed,0,1,2.18,0,8.7
2026-07-12T15:21:04,u3-consent-ongoing-why-01,explain,understand,,80,correct,0,1,2.6,1,14.0
2026-07-13T22:30:20,u3-ethicslaw-compare-01,compare,analyze,duty-concepts,70,correct,1,6,2.56,2,23.1
2026-07-13T22:30:26,u3-code-structure-cloze-01,cloze,remember,ethics-principles,100,correct,1,6,2.38,2,4.8
2026-07-13T22:30:51,u3-consent-ongoing-why-01,explain,understand,,70,correct,1,6,2.7,2,15.3
2026-07-13T22:31:33,u3-reporting-alliance-stance-01,explain,evaluate,confidentiality-exceptions,60,shaky,1,1,2.22,0,24.4
2026-07-13T22:32:30,u2-sfbt-vs-narrative-compare-01,compare,analyze,theory-families,80,correct,6,12,2.06,3,44.4
2026-07-13T22:35:04,u3-reporting-hesitate-vignette-01,vignette,apply,confidentiality-exceptions,45,correct,1,6,2.7,2,145.7
2026-07-13T22:35:29,u3-ethicslaw-conflict-recall-01,recall,understand,duty-concepts,75,correct,1,1,2.28,1,18.2
2026-07-13T22:35:57,u3-consent-assent-compare-01,compare,understand,,80,correct,1,6,2.56,2,18.1
2026-07-13T22:36:34,u3-slippery-slope-explain-01,explain,understand,boundary-concepts,70,correct,1,1,2.28,1,22.0
2026-07-13T22:36:56,u3-minimal-disclosure-explain-01,explain,understand,confidentiality-exceptions,60,correct,1,1,2.28,1,18.3
2026-07-13T22:37:38,u3-principles-compare-01,compare,analyze,ethics-principles,80,correct,1,6,2.7,2,33.2
2026-07-13T22:37:44,u3-tobriner-cloze-01,cloze,remember,duty-concepts,80,correct,1,1,2.28,1,4.8
2026-07-13T22:38:08,u3-jaffee-recall-01,recall,remember,confidentiality-exceptions,90,correct,1,1,1.96,1,17.7
2026-07-13T22:39:23,u3-conf-speech-produce-01,explain,apply,confidentiality-exceptions,90,correct,1,6,2.7,2,63.5
2026-07-13T22:40:09,u3-consent-elements-recall-01,recall,remember,,90,correct,1,6,2.38,2,32.9
2026-07-13T22:41:17,u3-report-vs-warn-compare-01,compare,analyze,confidentiality-exceptions,100,correct,1,6,2.24,2,43.9
2026-07-13T22:42:04,u3-impairment-vignette-01,vignette,apply,,70,shaky,1,1,2.04,0,25.1
2026-07-13T22:42:25,u3-tarasoff-facts-recall-01,recall,understand,duty-concepts,80,correct,1,1,2.14,1,10.5
2026-07-13T22:43:01,u3-decision-model-explain-01,explain,evaluate,duty-concepts,75,correct,1,1,2.28,1,17.1
2026-07-13T22:43:29,u3-protect-menu-recall-01,recall,apply,duty-concepts,90,correct,1,6,2.38,2,18.2
2026-07-13T22:44:00,u3-rural-apply-01,vignette,apply,boundary-concepts,70,correct,1,1,2.46,1,20.1
2026-07-13T22:44:56,u3-exceptions-freerecall-01,recall,remember,confidentiality-exceptions,80,correct,1,1,2.28,1,37.1
2026-07-13T22:45:37,u3-tarasoff-critique-evaluate-01,explain,evaluate,duty-concepts,85,correct,1,1,2.28,1,24.6
2026-07-13T22:46:11,u3-principles-recall-01,recall,remember,ethics-principles,50,shaky,1,1,2.04,0,28.9
2026-07-13T22:46:57,u3-consent-trainee-apply-01,vignette,apply,,80,correct,1,6,2.38,2,35.4
2026-07-13T22:47:37,u3-trigger-discrim-vignette-01,vignette,analyze,confidentiality-exceptions,80,correct,1,1,2.28,1,22.9
2026-07-13T22:47:47,u3-state-variation-mcq-01,mcq,understand,duty-concepts,85,correct,1,1,2.38,1,8.0
2026-07-13T22:48:10,u3-principles-apply-01,vignette,apply,ethics-principles,90,correct,1,6,2.38,2,17.9
2026-07-13T22:49:07,u2-bowen-vs-minuchin-compare-01,compare,analyze,theory-families,75,shaky,6,3,1.78,2,34.3
2026-07-13T22:49:26,u3-consent-mandated-apply-01,vignette,apply,,80,correct,1,1,2.14,1,14.0
2026-07-13T22:50:02,u3-crossing-violation-compare-01,compare,analyze,boundary-concepts,85,correct,1,6,2.38,2,25.2
2026-07-13T22:50:38,u3-court-order-apply-01,vignette,apply,confidentiality-exceptions,80,correct,1,6,2.7,2,28.0
2026-07-13T22:50:47,u3-multicultural-floor-cloze-01,cloze,remember,,85,correct,1,1,1.96,1,7.0
2026-07-13T22:51:11,u3-values-referral-vignette-01,vignette,apply,,90,correct,1,1,2.28,1,12.9
2026-07-13T22:53:26,u3-b2a-wording-cloze-01,cloze,remember,confidentiality-exceptions,100,correct,1,6,2.7,2,133.9
2026-07-13T22:54:18,u3-rxp-recall-01,recall,remember,the-helping-professions,60,shaky,1,1,1.72,0,26.4
2026-07-13T22:55:46,u3-professions-paths-recall-01,recall,remember,the-helping-professions,25,missed,1,1,1.86,0,35.3
2026-07-13T22:56:11,u3-disease-apply-01,vignette,apply,confidentiality-exceptions,80,correct,1,6,2.56,2,15.3
2026-07-14T17:20:36,u3-impairment-vignette-01,vignette,apply,,20,missed,1,1,1.72,0,58.7
2026-07-14T17:21:18,u3-decision-model-explain-01,explain,evaluate,duty-concepts,80,correct,1,6,2.38,2,20.9
2026-07-14T17:21:58,u3-tarasoff-facts-recall-01,recall,understand,duty-concepts,80,correct,1,6,2.24,2,24.3
2026-07-14T17:24:28,u3-exceptions-freerecall-01,recall,remember,confidentiality-exceptions,90,correct,1,6,2.38,2,131.0
2026-07-14T17:27:07,u3-rural-apply-01,vignette,apply,boundary-concepts,75,correct,1,6,2.56,2,146.4
2026-07-14T17:27:29,u3-principles-recall-01,recall,remember,ethics-principles,100,correct,1,1,2.14,1,17.0
2026-07-14T17:28:30,u3-reporting-alliance-stance-01,explain,evaluate,confidentiality-exceptions,70,shaky,1,1,2.08,0,44.5
2026-07-14T17:29:05,u3-ethicslaw-conflict-recall-01,recall,understand,duty-concepts,95,correct,1,6,2.38,2,28.4
2026-07-14T17:29:43,u3-trigger-discrim-vignette-01,vignette,analyze,confidentiality-exceptions,80,correct,1,6,2.38,2,21.9
2026-07-14T17:29:49,u3-tobriner-cloze-01,cloze,remember,duty-concepts,100,correct,1,6,2.38,2,4.8
2026-07-14T17:30:18,u2-personcentered-apply-01,vignette,apply,theory-families,80,correct,6,13,2.24,3,21.2
2026-07-14T17:31:43,u3-consent-mandated-apply-01,vignette,apply,,90,correct,1,6,2.24,2,79.3
2026-07-14T17:32:04,u3-state-variation-mcq-01,mcq,understand,duty-concepts,80,correct,1,6,2.48,2,8.6
2026-07-14T17:35:55,u3-slippery-slope-explain-01,explain,understand,boundary-concepts,85,correct,1,6,2.38,2,222.0
2026-07-14T17:36:56,u3-tarasoff-critique-evaluate-01,explain,evaluate,duty-concepts,65,correct,1,6,2.38,2,37.6
2026-07-14T17:39:02,u3-values-referral-vignette-01,vignette,apply,,85,correct,1,6,2.38,2,15.1
2026-07-14T17:39:41,u3-rxp-recall-01,recall,remember,the-helping-professions,50,shaky,1,1,1.58,0,26.4
2026-07-14T17:39:49,u3-multicultural-floor-cloze-01,cloze,remember,,90,correct,1,6,2.06,2,5.8
2026-07-14T17:40:19,u3-jaffee-recall-01,recall,remember,confidentiality-exceptions,85,correct,1,6,2.06,2,19.9
2026-07-14T17:40:54,u3-minimal-disclosure-explain-01,explain,understand,confidentiality-exceptions,15,shaky,1,1,2.14,1,26.0
2026-07-14T17:42:51,u3-professions-paths-recall-01,recall,remember,the-helping-professions,20,missed,1,1,1.54,0,52.8
2026-07-15T16:33:34,u3-impairment-vignette-01,vignette,apply,,45,shaky,1,1,1.58,0,108.7
2026-07-15T16:36:44,u3-professions-paths-recall-01,recall,remember,the-helping-professions,60,correct,1,1,1.64,1,60.5
2026-07-15T16:37:22,u3-minimal-disclosure-explain-01,explain,understand,confidentiality-exceptions,50,correct,1,6,2.24,2,29.6
2026-07-15T16:37:33,u3-consent-cloze-01,cloze,remember,,100,correct,6,16,2.8,3,9.2
2026-07-15T16:38:17,u3-reporting-alliance-stance-01,explain,evaluate,confidentiality-exceptions,80,correct,1,1,2.18,1,30.7
2026-07-15T16:38:23,u2-defense-apply-01,vignette,apply,theory-families,100,correct,6,10,1.8,3,4.2
2026-07-15T16:38:44,u3-principles-recall-01,recall,remember,ethics-principles,100,correct,1,6,2.24,2,13.0
2026-07-15T16:39:45,u3-rxp-recall-01,recall,remember,the-helping-professions,75,shaky,1,1,1.44,0,32.2
2026-07-15T16:40:24,u3-scope-competence-compare-01,compare,analyze,duty-concepts,90,correct,6,16,2.8,3,26.0
2026-07-15T16:47:56,ax-pfa-notify-deliver-apply-01,vignette,apply,bereavement-support,35,missed,0,1,2.18,0,421.1
2026-07-15T16:49:20,u4-helpseek-stance-01,vignette,evaluate,,50,missed,0,1,2.18,0,40.1
2026-07-15T16:49:40,u4-dimension-vignette-02,mcq,apply,mc-competence-dimensions,85,correct,0,1,2.6,1,18.0
2026-07-15T16:50:30,u4-humility-vignette-01,vignette,evaluate,mc-frameworks,85,correct,0,1,2.6,1,38.6
2026-07-15T16:51:16,u4-privilege-explain-01,explain,understand,,40,missed,0,1,2.18,0,23.0
2026-07-15T16:52:49,u4-broach-recall-02,recall,remember,broaching-styles,15,missed,0,1,2.18,0,31.4
2026-07-15T16:53:05,ax-pfa-notify-dwords-explain-01,explain,understand,bereavement-support,90,correct,0,1,2.6,1,8.7
2026-07-15T16:53:54,ax-pfa-notify-viewing-evaluate-01,vignette,evaluate,bereavement-support,70,shaky,0,1,2.36,0,29.9
2026-07-15T16:54:46,ax-pfa-refer-analyze-01,vignette,analyze,bereavement-support,75,correct,1,6,2.1,2,37.4
2026-07-15T16:55:05,ax-pfa-notify-unconfirmed-mcq-01,mcq,apply,bereavement-support,100,correct,1,6,2.7,2,17.4
2026-07-15T16:56:00,ax-pfa-evidence-evaluate-01,explain,evaluate,pfa-frameworks,80,correct,6,15,2.52,3,35.4
2026-07-15T16:56:37,ax-pfa-debrief-understand-01,explain,understand,pfa-frameworks,65,correct,6,16,2.8,3,26.9
2026-07-15T16:57:07,ax-pfa-pgd-analyze-01,vignette,analyze,grief-models,85,correct,6,16,2.8,3,22.3
2026-07-15T17:00:07,ax-pfa-lll-apply-01,vignette,apply,pfa-frameworks,70,correct,6,16,2.8,3,46.6
2026-07-15T17:00:21,u4-microagg-vignette-01,mcq,apply,microaggression-types,100,correct,0,1,2.6,1,11.8
2026-07-15T17:02:34,u4-frameworks-compare-01,compare,analyze,mc-frameworks,20,missed,0,1,2.18,0,51.2
2026-07-15T17:03:40,u4-microagg-critique-01,explain,evaluate,microaggression-types,50,missed,0,1,2.18,0,28.0
2026-07-15T17:04:33,u4-privilege-stance-01,vignette,evaluate,,50,missed,0,1,2.18,0,31.2
2026-07-15T17:04:38,ax-pfa-ring-cloze-01,cloze,remember,bereavement-support,100,correct,6,16,2.8,3,4.2
2026-07-15T17:04:59,ax-pfa-notify-reasking-analyze-01,vignette,analyze,bereavement-support,75,correct,1,6,2.7,2,12.0
2026-07-15T17:05:38,u4-humility-compare-01,compare,analyze,mc-frameworks,80,correct,0,1,2.6,1,25.5
2026-07-15T17:17:17,ax-pfa-notify-grieving-recall-01,recall,understand,bereavement-support,15,missed,1,1,1.86,0,15.3
2026-07-15T17:17:57,ax-pfa-debrief-apply-01,vignette,apply,pfa-frameworks,75,correct,6,16,2.8,3,30.7
2026-07-15T17:20:30,u4-accult-critique-01,explain,evaluate,acculturation-strategies,50,missed,0,1,2.18,0,59.9
2026-07-15T17:21:29,u4-msjcc-quadrants-recall-01,recall,understand,mc-frameworks,80,correct,0,1,2.6,1,47.2
2026-07-15T17:23:50,ax-pfa-objectives-recall-01,recall,remember,pfa-frameworks,40,missed,1,1,1.32,0,58.7
2026-07-15T17:24:15,ax-pfa-help-apply-01,vignette,apply,bereavement-support,75,correct,6,16,2.8,3,22.1
2026-07-15T17:24:23,u4-accult-cloze-01,cloze,remember,acculturation-strategies,100,correct,0,1,2.6,1,6.5
2026-07-15T17:25:23,u4-microagg-clinical-analyze-01,explain,analyze,microaggression-types,50,correct,0,1,2.6,1,39.7
2026-07-15T17:25:48,u4-evidence-analyze-01,explain,evaluate,,90,correct,0,1,2.6,1,14.8
2026-07-15T17:26:01,ax-pfa-pgd-risk-mcq-01,mcq,understand,grief-models,100,correct,6,16,2.8,3,5.3
2026-07-15T17:26:15,u4-tripartite-cloze-01,cloze,remember,mc-competence-dimensions,100,correct,0,1,2.6,1,11.3
2026-07-15T17:26:33,u4-broach-vignette-02,mcq,apply,broaching-styles,100,correct,0,1,2.6,1,15.0
2026-07-15T17:28:39,u4-humility-recall-01,recall,remember,mc-frameworks,50,missed,0,1,2.18,0,41.2
2026-07-15T17:28:55,ax-pfa-notify-principles-cloze-01,cloze,remember,bereavement-support,10,missed,0,1,2.18,0,13.4
2026-07-15T17:29:25,ax-pfa-dpm-apply-01,vignette,apply,grief-models,95,correct,6,15,2.66,3,20.1
2026-07-15T17:30:04,u4-msjcc-socioeco-recall-01,recall,remember,mc-frameworks,85,correct,0,1,2.6,1,34.2
2026-07-15T17:32:12,u4-microagg-cloze-01,cloze,remember,microaggression-types,10,missed,0,1,2.18,0,112.4
2026-07-15T17:34:37,u4-privilege-power-recall-01,recall,understand,,15,missed,0,1,2.18,0,53.7
2026-07-15T17:36:05,ax-pfa-notify-scenarios-compare-01,compare,analyze,bereavement-support,20,missed,0,1,2.18,0,54.3
2026-07-15T17:39:35,u4-autobiography-production-01,explain,apply,,50,missed,0,1,2.18,0,208.5
2026-07-15T17:39:46,u4-broach-vignette-01,mcq,apply,broaching-styles,100,correct,0,1,2.6,1,9.1
2026-07-15T17:40:16,u4-humility-stance-01,explain,evaluate,,80,correct,0,1,2.6,1,20.9
2026-07-15T17:40:56,u4-accult-recall-01,recall,remember,acculturation-strategies,75,shaky,0,1,2.36,0,16.6
2026-07-15T17:42:35,u4-helpseek-recall-01,recall,remember,,65,shaky,0,1,2.36,0,81.7
